time,vx,target_speed,speed_error,throttle,brake,return_code
0.05000000000000004,20.00422721854892,25.0,4.99577278145108,1.0,0.0,0.0
0.10000000000000007,20.052908639955927,25.0,4.947091360044073,1.0,0.0,0.0
0.1500000000000001,20.1423510488794,25.0,4.8576489511205985,1.0,0.0,0.0
0.20000000000000015,20.25488614883047,25.0,4.745113851169531,1.0,0.0,0.0
0.25000000000000017,20.374423441744216,25.0,4.6255765582557835,1.0,0.0,0.0
0.3000000000000002,20.49773635816192,25.0,4.502263641838081,1.0,0.0,0.0
0.35000000000000026,20.63403671060306,25.0,4.365963289396941,1.0,0.0,0.0
0.4000000000000003,20.781096506001475,25.0,4.218903493998525,1.0,0.0,0.0
0.45000000000000034,20.932776274418618,25.0,4.067223725581382,1.0,0.0,0.0
0.5000000000000003,21.083923089900082,25.0,3.9160769100999175,1.0,0.0,0.0
0.5499999999999948,21.23195391526822,25.0,3.768046084731779,0.9688021358953496,0.0,0.0
0.5999999999999893,21.37629601704675,25.0,3.6237039829532485,0.936808871683377,0.0,0.0
0.6499999999999838,21.517703223044126,25.0,3.4822967769558737,0.9058225396575409,0.0,0.0
0.6999999999999783,21.65726205619816,25.0,3.34273794380184,0.8751269932476153,0.0,0.0
0.7499999999999728,21.795718609364197,25.0,3.2042813906358028,0.8443193720402451,0.0,0.0
0.7999999999999673,21.933314174102023,25.0,3.0666858258979772,0.8133504271345704,0.0,0.0
0.8499999999999618,22.069940853590023,25.0,2.9300591464099774,0.7823626171472966,0.0,0.0
0.8999999999999563,22.20538364596973,25.0,2.7946163540302713,0.7515235605216369,0.0,0.0
0.9499999999999508,22.33948367125669,25.0,2.6605163287433093,0.7209310336240581,0.0,0.0
0.9999999999999453,22.47206188239339,25.0,2.5279381176066096,0.6906036504681585,0.0,0.0
1.0499999999999399,22.602436515076718,25.0,2.397563484923282,0.6555957614616952,0.0,0.0
1.0999999999999344,22.72947050213475,25.0,2.270529497865251,0.6212853253756841,0.0,0.0
1.1499999999999289,22.852482966189132,25.0,2.1475170338108676,0.5881865249991164,0.0,0.0
1.1999999999999234,22.971370570032562,25.0,2.028629429967438,0.5563318862696698,0.0,0.0
1.2499999999999178,23.086390187065287,25.0,1.9136098129347126,0.5255434449719919,0.0,0.0
1.2999999999999123,23.197723272570585,25.0,1.8022767274294154,0.495623768692771,0.0,0.0
1.3499999999999068,23.304337357756555,25.0,1.6956626422434447,0.46656512301300945,0.0,0.0
1.3999999999999013,23.4114264103104,25.0,1.5885735896895987,0.43912890119709386,0.0,0.0
1.4499999999998958,23.530158710909593,25.0,1.4698412890904073,0.4095363212071733,0.0,0.0
1.4999999999998903,23.652806252170045,25.0,1.3471937478299552,0.3725985644027463,0.0,0.0
1.5499999999998848,23.768786969581985,25.0,1.231213030418015,0.337801699660859,0.0,0.0
1.5999999999998793,23.87229891151799,25.0,1.1277010884820093,0.308936416792965,0.0,0.0
1.6499999999998738,23.95793251985147,25.0,1.0420674801485283,0.2855499386048661,0.0,0.0
1.6999999999998683,24.020583900935776,25.0,0.979416099064224,0.2688526406656984,0.0,0.0
1.7499999999998628,24.077746998676005,25.0,0.9222530013239947,0.26001936444955537,0.0,0.0
1.7999999999998573,24.14110209047076,25.0,0.8588979095292402,0.24564187496281625,0.0,0.0
1.8499999999998518,24.207260709483123,25.0,0.7927392905168773,0.22511851647594877,0.0,0.0
1.8999999999998463,24.27131632844203,25.0,0.7286836715579703,0.20532013097992163,0.0,0.0
1.9499999999998407,24.329274215144952,25.0,0.6707257848550476,0.18808149357910492,0.0,0.0
1.9999999999998352,24.374449013532683,25.0,0.6255509864673172,0.1740413242618797,0.0,0.0
2.049999999999852,24.405327063547993,25.0,0.5946729364520067,0.16595847285988474,0.0,0.0
2.0999999999998686,24.42828058926304,25.0,0.5717194107369608,0.1621547691565538,0.0,0.0
2.1499999999998853,24.448421796563366,25.0,0.5515782034366339,0.15788738736076985,0.0,0.0
2.199999999999902,24.46720783399766,25.0,0.5327921660023414,0.15238107407120152,0.0,0.0
2.2499999999999187,24.4842846088603,25.0,0.5157153911397003,0.14673079539507702,0.0,0.0
2.2999999999999354,24.499121855313266,25.0,0.5008781446867339,0.14174741228628235,0.0,0.0
2.349999999999952,24.51163415495292,25.0,0.48836584504708114,0.13763251345416788,0.0,0.0
2.399999999999969,24.522097885902138,25.0,0.4779021140978621,0.13422712047238383,0.0,0.0
2.4499999999999855,24.530871529035238,25.0,0.46912847096476185,0.1313199437356608,0.0,0.0
2.500000000000002,24.53824286906289,25.0,0.4617571309371087,0.12880185526070764,0.0,0.0
2.550000000000019,24.5444174727043,25.0,0.45558252729570015,0.12663450487908032,0.0,0.0
2.6000000000000356,24.549557109867486,25.0,0.45044289013251415,0.12479391802010371,0.0,0.0
2.6500000000000523,24.553806926159375,25.0,0.44619307384062523,0.12324573712224673,0.0,0.0
2.700000000000069,24.557300847056773,25.0,0.44269915294322715,0.12194333699148543,0.0,0.0
2.7500000000000857,24.560155950782374,25.0,0.4398440492176263,0.12083549797881125,0.0,0.0
2.8000000000001024,24.5624694894752,25.0,0.43753051052480174,0.11989483996402359,0.0,0.0
2.850000000000119,24.564324619411572,25.0,0.43567538058842814,0.1191117139049235,0.0,0.0
2.900000000000136,24.565797151406567,25.0,0.43420284859343283,0.11847423101348205,0.0,0.0
2.9500000000001525,24.566957163174365,25.0,0.43304283682563494,0.11796465636832,0.0,0.0
3.000000000000169,24.567867140360274,25.0,0.4321328596397258,0.11756197856922007,0.0,0.0
3.050000000000186,24.5685793938393,25.0,0.43142060616069955,0.11724107997867071,0.0,0.0
3.1000000000002026,24.56913432004251,25.0,0.43086567995748837,0.11697885376137598,0.0,0.0
3.1500000000002193,24.569561432011255,25.0,0.4304385679887446,0.11676219939011975,0.0,0.0
3.200000000000236,24.569883184267955,25.0,0.4301168157320454,0.11658540745627287,0.0,0.0
3.2500000000002527,24.570118573501137,25.0,0.42988142649886285,0.11644443792664563,0.0,0.0
3.3000000000002694,24.57028470338478,25.0,0.4297152966152211,0.1163343018631158,0.0,0.0
3.350000000000286,24.570396671228085,25.0,0.42960332877191476,0.11624931028395018,0.0,0.0
3.400000000000303,24.570467116214694,25.0,0.4295328837853063,0.11618422062298257,0.0,0.0
3.4500000000003195,24.570506061604288,25.0,0.42949393839571215,0.11613484928869706,0.0,0.0
3.500000000000336,24.570521354931074,25.0,0.42947864506892586,0.1160980782475352,0.0,0.0
3.550000000000353,24.570519158406952,25.0,0.42948084159304756,0.11607143725509358,0.0,0.0
3.6000000000003696,24.570504373907823,25.0,0.4294956260921765,0.11605288064078455,0.0,0.0
3.6500000000003863,24.570480911046893,25.0,0.4295190889531071,0.11604066469152935,0.0,0.0
3.700000000000403,24.570451851059016,25.0,0.4295481489409845,0.11603332776659514,0.0,0.0
3.7500000000004197,24.57041957261219,25.0,0.42958042738780833,0.11602968061034095,0.0,0.0
3.8000000000004364,24.57038587015054,25.0,0.42961412984945824,0.11602877398379569,0.0,0.0
3.850000000000453,24.570352065226324,25.0,0.42964793477367635,0.11602985282446325,0.0,0.0
3.9000000000004698,24.570319103188677,25.0,0.42968089681132327,0.11603231759473032,0.0,0.0
3.9500000000004865,24.570287633117736,25.0,0.42971236688226355,0.11603569899773145,0.0,0.0
4.000000000000503,24.570258073956925,25.0,0.42974192604307504,0.11603963925884049,0.0,0.0
4.050000000000475,24.570230670019644,25.0,0.4297693299803562,0.11604387375139519,0.0,0.0
4.100000000000447,24.570205537440394,25.0,0.42979446255960596,0.11604821137012303,0.0,0.0
4.15000000000042,24.570182700987772,25.0,0.4298172990122282,0.11605251475432501,0.0,0.0
4.200000000000392,24.570162121089318,25.0,0.42983787891068204,0.11605668414785306,0.0,0.0
4.250000000000364,24.57014371257952,25.0,0.4298562874204812,0.11606064756397777,0.0,0.0
4.300000000000336,24.57012735798429,25.0,0.4298726420157095,0.11606435599688733,0.0,0.0
4.350000000000309,24.570112918009805,25.0,0.429887081990195,0.11606778042526654,0.0,0.0
4.400000000000281,24.570100240584264,25.0,0.4298997594157363,0.11607090832380906,0.0,0.0
4.450000000000253,24.57008916856582,25.0,0.4299108314341815,0.11607373953624718,0.0,0.0
4.500000000000226,24.570079545778082,25.0,0.42992045422191794,0.11607628227105848,0.0,0.0
4.550000000000198,24.570071221244422,25.0,0.42992877875557767,0.11607855008486208,0.0,0.0
4.60000000000017,24.570064051880287,25.0,0.4299359481197129,0.11608055985380886,0.0,0.0
4.6500000000001425,24.570057904077473,25.0,0.4299420959225273,0.11608233044906041,0.0,0.0
4.700000000000115,24.570052654559706,25.0,0.42994734544029356,0.11608388178220508,0.0,0.0
4.750000000000087,24.57004819074687,25.0,0.42995180925312937,0.1160852340441267,0.0,0.0
4.800000000000059,24.57004441075424,25.0,0.42995558924576116,0.11608640709722881,0.0,0.0
4.850000000000032,24.570041223109744,25.0,0.4299587768902562,0.11608742002670144,0.0,0.0
4.900000000000004,24.570038546265636,25.0,0.42996145373436434,0.11608829084068707,0.0,0.0
4.949999999999976,24.570036307978583,25.0,0.42996369202141693,0.1160890362884824,0.0,0.0
4.9999999999999485,24.570034444617527,25.0,0.4299655553824735,0.11608967176256248,0.0,0.0
5.049999999999921,24.57003290044069,25.0,0.4299670995593097,0.1160902112617676,0.0,0.0
5.099999999999893,24.57003162686779,25.0,0.42996837313220837,0.11609066740186745,0.0,0.0
5.149999999999865,24.57003058176522,25.0,0.42996941823477997,0.11609105146408974,0.0,0.0
5.199999999999838,24.570029728758033,25.0,0.42997027124196663,0.11609137347082435,0.0,0.0
5.24999999999981,24.57002903657978,25.0,0.4299709634202209,0.11609164227679832,0.0,0.0
5.299999999999782,24.570028478468352,25.0,0.4299715215316482,0.11609186566578868,0.0,0.0
5.3499999999997545,24.570028031611763,25.0,0.42997196838823726,0.11609205044643064,0.0,0.0
5.399999999999727,24.570027676644756,25.0,0.42997232335524416,0.11609220254504066,0.0,0.0
5.449999999999699,24.570027397195652,25.0,0.429972602804348,0.11609232709489903,0.0,0.0
5.499999999999671,24.570027179480906,25.0,0.4299728205190938,0.11609242852138395,0.0,0.0
5.549999999999644,24.5700270119451,25.0,0.4299729880548995,0.11609251062262434,0.0,0.0
5.599999999999616,24.570026884943147,25.0,0.4299731150568533,0.11609257664429903,0.0,0.0
5.649999999999588,24.570026790460943,25.0,0.4299732095390567,0.1160926293481839,0.0,0.0
5.6999999999995605,24.570026721871066,25.0,0.4299732781289336,0.11609267107445109,0.0,0.0
5.749999999999533,24.570026673720008,25.0,0.42997332627999185,0.11609270379767836,0.0,0.0
5.799999999999505,24.570026641543503,25.0,0.42997335845649687,0.11609272917694233,0.0,0.0
5.849999999999477,24.570026621707186,25.0,0.42997337829281435,0.11609274860045801,0.0,0.0
5.89999999999945,24.570026611269757,25.0,0.42997338873024304,0.11609276322486493,0.0,0.0
5.949999999999422,24.570026607866357,25.0,0.4299733921336433,0.11609277400966247,0.0,0.0
5.999999999999394,24.57002660960945,25.0,0.4299733903905505,0.11609278174701337,0.0,0.0
6.0499999999993666,24.57002661500484,25.0,0.42997338499516147,0.11609278708765104,0.0,0.0
6.099999999999339,24.570026622881045,25.0,0.4299733771189551,0.11609279056332114,0.0,0.0
6.149999999999311,24.57002663232985,25.0,0.4299733676701507,0.11609279260592938,0.0,0.0
6.199999999999283,24.57002664265657,25.0,0.4299733573434317,0.11609279356412443,0.0,0.0
6.249999999999256,24.570026653338545,25.0,0.4299733466614555,0.11609279371738028,0.0,0.0
6.299999999999228,24.570026663990674,25.0,0.42997333600932564,0.1160927932880246,0.0,0.0
6.3499999999992,24.57002667433704,25.0,0.4299733256629601,0.11609279245140836,0.0,0.0
6.399999999999173,24.570026684187606,25.0,0.4299733158123935,0.11609279134439741,0.0,0.0
6.449999999999145,24.570026693419,25.0,0.42997330658100097,0.11609279007253251,0.0,0.0
6.499999999999117,24.570026701959037,25.0,0.42997329804096296,0.11609278871613064,0.0,0.0
6.549999999999089,24.570026709774233,25.0,0.42997329022576736,0.11609278733518481,0.0,0.0
6.599999999999062,24.570026716859857,25.0,0.4299732831401428,0.11609278597349375,0.0,0.0
6.649999999999034,24.570026723231987,25.0,0.42997327676801333,0.11609278466199933,0.0,0.0
6.699999999999006,24.570026728921246,25.0,0.4299732710787545,0.11609278342159393,0.0,0.0
6.749999999998979,24.570026733967886,25.0,0.42997326603211405,0.1160927822653773,0.0,0.0
6.799999999998951,24.570026738417965,25.0,0.42997326158203464,0.11609278120051668,0.0,0.0
6.849999999998923,24.57002674232054,25.0,0.4299732576794604,0.11609278022974677,0.0,0.0
6.8999999999988955,24.57002674572548,25.0,0.42997325427451827,0.1160927793524919,0.0,0.0
6.949999999998868,24.57002674868186,25.0,0.42997325131813824,0.11609277856585352,0.0,0.0
6.99999999999884,24.570026751236988,25.0,0.42997324876301235,0.11609277786536784,0.0,0.0
7.049999999998812,24.570026753435563,25.0,0.4299732465644368,0.11609277724546048,0.0,0.0
7.099999999998785,24.570026755319162,25.0,0.42997324468083775,0.116092776700006,0.0,0.0
7.149999999998757,24.570026756926143,25.0,0.42997324307385654,0.11609277622265873,0.0,0.0
7.199999999998729,24.570026758291355,25.0,0.4299732417086446,0.11609277580696427,0.0,0.0
7.2499999999987015,24.570026759446407,25.0,0.4299732405535934,0.1160927754467342,0.0,0.0
7.299999999998674,24.5700267604196,25.0,0.42997323958039857,0.11609277513592786,0.0,0.0
7.349999999998646,24.570026761236118,25.0,0.42997323876388194,0.11609277486894275,0.0,0.0
7.399999999998618,24.57002676191821,25.0,0.42997323808178933,0.11609277464058579,0.0,0.0
7.449999999998591,24.570026762485497,25.0,0.42997323751450267,0.11609277444610165,0.0,0.0
7.499999999998563,24.570026762955212,25.0,0.42997323704478774,0.11609277428113586,0.0,0.0
7.549999999998535,24.570026763342156,25.0,0.4299732366578439,0.11609277414173964,0.0,0.0
7.5999999999985075,24.570026763659367,25.0,0.4299732363406328,0.11609277402454422,0.0,0.0
7.64999999999848,24.570026763917962,25.0,0.42997323608203786,0.11609277392633499,0.0,0.0
7.699999999998452,24.57002676412752,25.0,0.42997323587248104,0.11609277384444677,0.0,0.0
7.749999999998424,24.57002676429622,25.0,0.42997323570378043,0.11609277377646654,0.0,0.0
7.799999999998397,24.57002676443109,25.0,0.42997323556890876,0.11609277372030553,0.0,0.0
7.849999999998369,24.570026764538042,25.0,0.42997323546195787,0.11609277367410607,0.0,0.0
7.899999999998341,24.570026764622032,25.0,0.42997323537796817,0.11609277363631915,0.0,0.0
7.9499999999983135,24.570026764687256,25.0,0.4299732353127439,0.11609277360560966,0.0,0.0
7.999999999998286,24.570026764737477,25.0,0.42997323526252273,0.11609277358080436,0.0,0.0
8.049999999998347,24.570026764775257,25.0,0.4299732352247432,0.11609277356074983,0.0,0.0
8.099999999998408,24.570026764803266,25.0,0.4299732351967336,0.11609277354494188,0.0,0.0
8.14999999999847,24.570026764823496,25.0,0.42997323517650443,0.11609277353236336,0.0,0.0
8.19999999999853,24.5700267648377,25.0,0.4299732351623007,0.1160927735225209,0.0,0.0
8.249999999998591,24.570026764847036,25.0,0.42997323515296415,0.11609277351483378,0.0,0.0
8.299999999998652,24.570026764852592,25.0,0.4299732351474077,0.11609277350904591,0.0,0.0
8.349999999998714,24.570026764855402,25.0,0.4299732351445975,0.11609277350473583,0.0,0.0
8.399999999998775,24.570026764856028,25.0,0.42997323514397223,0.11609277350151251,0.0,0.0
8.449999999998836,24.570026764855278,25.0,0.42997323514472185,0.11609277349929234,0.0,0.0
8.499999999998897,24.570026764853374,25.0,0.4299732351466261,0.11609277349765992,0.0,0.0
8.549999999998958,24.57002676485063,25.0,0.4299732351493688,0.11609277349669968,0.0,0.0
8.599999999999019,24.570026764847608,25.0,0.42997323515239216,0.11609277349621226,0.0,0.0
8.64999999999908,24.57002676484441,25.0,0.4299732351555896,0.11609277349589212,0.0,0.0
8.699999999999141,24.570026764841202,25.0,0.4299732351587977,0.11609277349583466,0.0,0.0
8.749999999999202,24.570026764837955,25.0,0.4299732351620449,0.11609277349592727,0.0,0.0
8.799999999999264,24.570026764834758,25.0,0.42997323516524233,0.11609277349621297,0.0,0.0
8.849999999999325,24.570026764831564,25.0,0.4299732351684362,0.11609277349658875,0.0,0.0
8.899999999999386,24.570026764828498,25.0,0.4299732351715022,0.1160927734970923,0.0,0.0
8.949999999999447,24.570026764825656,25.0,0.4299732351743444,0.11609277349760116,0.0,0.0
8.999999999999508,24.570026764823055,25.0,0.42997323517694497,0.11609277349808378,0.0,0.0
9.049999999999569,24.570026764820586,25.0,0.4299732351794141,0.11609277349855171,0.0,0.0
9.09999999999963,24.57002676481849,25.0,0.4299732351815102,0.11609277349907109,0.0,0.0
9.149999999999691,24.570026764816717,25.0,0.429973235183283,0.11609277349943067,0.0,0.0
9.199999999999752,24.57002676481516,25.0,0.4299732351848391,0.11609277349975133,0.0,0.0
9.249999999999813,24.570026764813882,25.0,0.4299732351861181,0.11609277350007621,0.0,0.0
9.299999999999875,24.570026764813086,25.0,0.4299732351869139,0.11609277350031827,0.0,0.0
9.349999999999936,24.57002676481237,25.0,0.42997323518763153,0.11609277350036346,0.0,0.0
9.399999999999997,24.570026764811654,25.0,0.4299732351883456,0.11609277350055464,0.0,0.0
9.450000000000058,24.570026764810947,25.0,0.4299732351890526,0.11609277350077611,0.0,0.0
9.500000000000119,24.570026764810237,25.0,0.42997323518976316,0.11609277350099435,0.0,0.0
9.55000000000018,24.570026764809526,25.0,0.4299732351904737,0.11609277350121654,0.0,0.0
9.600000000000241,24.570026764808816,25.0,0.42997323519118424,0.11609277350143528,0.0,0.0
9.650000000000302,24.570026764808347,25.0,0.4299732351916532,0.11609277350165172,0.0,0.0
9.700000000000363,24.570026764807995,25.0,0.4299732351920049,0.11609277350170838,0.0,0.0
9.750000000000425,24.570026764807636,25.0,0.42997323519236375,0.11609277350178263,0.0,0.0
9.800000000000486,24.57002676480728,25.0,0.429973235192719,0.11609277350190549,0.0,0.0
9.850000000000547,24.57002676480696,25.0,0.42997323519303876,0.11609277350202037,0.0,0.0
9.900000000000608,24.57002676480696,25.0,0.42997323519303876,0.1160927735021107,0.0,0.0
9.950000000000669,24.57002676480696,25.0,0.42997323519303876,0.11609277350200432,0.0,0.0
10.00000000000073,24.57002676480696,25.0,0.42997323519303876,0.11609277350202302,0.0,0.0
